Jason,jason@gmail.com
Mark,mark@facebook.com
Jack,jack@twitter.com

Bill,bill@microsoft.com
Steve-steve@yahoo.com
Larry,larry@gmail.com
